path	size_bytes	mtime	repo_signal	keep_reason
/data/data/com.termux/files/home/HP_PROJELERI/# Football Data and Metrics Encyclopedia.docx	15318	2026-01-26 22:35:41	no	
/data/data/com.termux/files/home/HP_PROJELERI/# HP Engine Otonom Futbol Analiz Sistemi.docx	17748	2026-01-20 22:08:13	no	
/data/data/com.termux/files/home/HP_PROJELERI/26.11.2025 - Galatasaray - Players fitness (1).xlsx	9587	2025-11-26 22:11:17	no	
/data/data/com.termux/files/home/HP_PROJELERI/26.11.2025 - Galatasaray - Players fitness ucl 5 maÃ§ maÃ§ baÅŸÄ± ortalama.xlsx	11409	2025-11-26 22:10:35	no	
/data/data/com.termux/files/home/HP_PROJELERI/26.11.2025 - Galatasaray - Players fitness.xlsx	11637	2025-11-26 22:11:03	no	
/data/data/com.termux/files/home/HP_PROJELERI/26.11.2025 - Galatasaray - Team fitness (1).xlsx	7392	2025-11-26 22:10:16	no	
/data/data/com.termux/files/home/HP_PROJELERI/26.11.2025 - Galatasaray - Team fitness.xlsx	9398	2025-11-26 22:09:47	no	
/data/data/com.termux/files/home/HP_PROJELERI/AdsÄ±z dokÃ¼man.docx	6484	2026-01-26 22:32:47	no	
/data/data/com.termux/files/home/HP_PROJELERI/DOC-20260126-WA0010..docx	18144	2026-01-26 22:44:33	no	
/data/data/com.termux/files/home/HP_PROJELERI/DOC-20260126-WA0011..docx	6840	2026-01-26 22:46:37	no	
/data/data/com.termux/files/home/HP_PROJELERI/Football Metrics Research Agent Prompt.docx	31248	2026-01-20 15:15:47	no	
/data/data/com.termux/files/home/HP_PROJELERI/Futbol Analiz Sistemi AraÅŸtÄ±rma DosyasÄ±.docx	21483	2026-01-22 21:55:34	no	
/data/data/com.termux/files/home/HP_PROJELERI/Futbol Analiz Sistemi GeliÅŸtirme AtlasÄ±.docx	29800	2026-01-24 14:55:51	no	
/data/data/com.termux/files/home/HP_PROJELERI/Futbol Analiz Sistemi GeliÅŸtirme KaynaklarÄ±.docx	24345	2026-01-26 02:13:36	no	
/data/data/com.termux/files/home/HP_PROJELERI/Futbol Analiz Sistemi Kurgusu.docx	6211736	2026-01-29 11:08:52	no	
/data/data/com.termux/files/home/HP_PROJELERI/Futbol Analiz Sistemi Yol HaritasÄ±.docx	13694	2026-01-29 22:36:05	no	
/data/data/com.termux/files/home/HP_PROJELERI/Futbol Analizi Projesi KapsamlÄ± Uygulama Raporu.docx	6218404	2026-01-05 14:24:30	no	
/data/data/com.termux/files/home/HP_PROJELERI/Futbol Analizi Sistemi GeliÅŸtirme Yol HaritasÄ±.docx	22951	2026-01-29 14:53:28	no	
/data/data/com.termux/files/home/HP_PROJELERI/Futbol Analizi Sistemi GeliÅŸtirme.docx	23363	2026-01-26 02:18:21	no	
/data/data/com.termux/files/home/HP_PROJELERI/Futbol Analizi Sistemi Ä°Ã§in Derin Sorular.docx	28903	2026-01-28 21:32:43	no	
/data/data/com.termux/files/home/HP_PROJELERI/Futbol Analizi Ä°Ã§in Akademik Kaynak KÃ¼tÃ¼phanesi.docx	6211661	2026-01-03 12:26:48	no	
/data/data/com.termux/files/home/HP_PROJELERI/Futbol Analizi Ä°Ã§in Otonom Mekanizma TasarÄ±mÄ±.docx	6289230	2026-01-29 11:08:22	no	
/data/data/com.termux/files/home/HP_PROJELERI/Futbol Analizi Åžablon ve GeliÅŸtirme Projesi.docx	6220718	2026-01-03 21:00:35	no	
/data/data/com.termux/files/home/HP_PROJELERI/Futbol Analizi: Birey ve TakÄ±m EtkileÅŸimi.docx	24628	2026-01-28 12:10:20	no	
/data/data/com.termux/files/home/HP_PROJELERI/Futbol Analizi: Her Åžeyin Teorisi.docx	6223450	2025-12-26 02:08:43	no	
/data/data/com.termux/files/home/HP_PROJELERI/Futbol FormasyonlarÄ± Ansiklopedisi OluÅŸturma.docx	27095	2026-01-26 02:54:18	no	
/data/data/com.termux/files/home/HP_PROJELERI/Futbol MaÃ§Ä± Veri Analizi Raporu.docx	249503	2026-01-21 23:17:16	no	
/data/data/com.termux/files/home/HP_PROJELERI/Futbol Metrikleri AraÅŸtÄ±rma KapsamÄ±.docx	24518	2026-01-20 15:52:26	no	
/data/data/com.termux/files/home/HP_PROJELERI/Futbol Metrikleri Ontolojisi OluÅŸturma.docx	25079	2026-01-21 15:04:43	no	
/data/data/com.termux/files/home/HP_PROJELERI/Futbol Ontolojisi: Sistem, Felsefe, Oyuncu.docx	6225745	2026-01-08 02:10:09	no	
/data/data/com.termux/files/home/HP_PROJELERI/Futbol Taktikleri ve Veri Bilimi AraÅŸtÄ±rmasÄ±.docx	25830	2026-01-26 12:21:49	no	
/data/data/com.termux/files/home/HP_PROJELERI/Futbol TakÄ±m Analizi AltyapÄ±sÄ± OluÅŸturma.docx	6214129	2026-01-15 17:16:44	no	
/data/data/com.termux/files/home/HP_PROJELERI/Futbol TakÄ±m Analizi UstalÄ±k EÄŸitimi.docx	6216377	2026-01-14 17:49:07	no	
/data/data/com.termux/files/home/HP_PROJELERI/Futbol Veri Analizi Metodolojisi Derlemesi.docx	6212944	2026-01-14 03:33:00	no	
/data/data/com.termux/files/home/HP_PROJELERI/Futbol Veri Analizi Yol HaritasÄ±.docx	26266	2026-01-22 21:56:38	no	
/data/data/com.termux/files/home/HP_PROJELERI/Futbol Veri Analizi ve Matematiksel Modelleme.docx	21060	2026-01-26 23:01:01	no	
/data/data/com.termux/files/home/HP_PROJELERI/Futbol Veri Analizi ve Metrik GeliÅŸtirme Yol Harit....docx	23670	2026-01-15 18:33:46	no	
/data/data/com.termux/files/home/HP_PROJELERI/Futbol Veri Analizi ve Metrik GeliÅŸtirme Yol HaritasÄ±.docx	6213706	2026-01-15 20:13:12	no	
/data/data/com.termux/files/home/HP_PROJELERI/Futbol Video Analizi Ä°Ã§in KapsamlÄ± Yol HaritasÄ±.docx	6219342	2025-12-25 23:44:00	no	
/data/data/com.termux/files/home/HP_PROJELERI/Futbol ZekasÄ± Ekosistemi: hp Engine.docx	6217274	2026-01-16 03:01:17	no	
/data/data/com.termux/files/home/HP_PROJELERI/Futbol zeka sistemi 1.docx	12685	2026-01-20 22:08:13	no	
/data/data/com.termux/files/home/HP_PROJELERI/Futbol zeka sistemi 2.docx	6782	2026-01-20 22:08:13	no	
/data/data/com.termux/files/home/HP_PROJELERI/Futbolcu Analizi Ä°Ã§in BaÄŸlamsal Mimari.docx	27608	2026-01-23 23:27:17	no	
/data/data/com.termux/files/home/HP_PROJELERI/Futbolu SÄ±fÄ±rdan Ã–ÄŸrenme AraÅŸtÄ±rma Dizisi.docx	6214286	2025-12-26 02:33:06	no	
/data/data/com.termux/files/home/HP_PROJELERI/Futbolun SayÄ±sal Matrix'ini Ã‡Ã¶zÃ¼mleme.docx	23502	2026-01-26 14:59:05	no	
/data/data/com.termux/files/home/HP_PROJELERI/Futbolun-matrixi. txt	21169	2026-01-26 15:00:32	no	
/data/data/com.termux/files/home/HP_PROJELERI/Galatasaray_vs_Atletico Madrid_features.json	2018	2026-01-19 18:28:26	no	
/data/data/com.termux/files/home/HP_PROJELERI/Galatasaray_vs_Atletico Madrid_matchup.csv	290	2026-01-19 18:28:26	no	
/data/data/com.termux/files/home/HP_PROJELERI/GeliÅŸmiÅŸ Futbol Analiz Sistemi(1).docx	13661	2026-01-26 22:35:41	no	
/data/data/com.termux/files/home/HP_PROJELERI/HP Engine Operasyonel Protokol.docx	8584	2026-01-25 14:27:16	no	
/data/data/com.termux/files/home/HP_PROJELERI/HP Engine Stratejik Otopsi Raporu.docx	10811	2026-01-16 20:24:07	no	
/data/data/com.termux/files/home/HP_PROJELERI/HP Engine mÃ¼hendisliÄŸi.docx	14381	2026-01-20 22:08:14	no	
/data/data/com.termux/files/home/HP_PROJELERI/HP Engine sistemi.docx	6321	2026-01-20 22:08:13	no	
/data/data/com.termux/files/home/HP_PROJELERI/HP Engine v22.5: Sistem BaÅŸlatma ve Veri Paketi.docx	9356	2026-01-24 01:08:24	no	
/data/data/com.termux/files/home/HP_PROJELERI/HP MOTOR: SÄ°STEM AKTARIM VE KAZANIM DOSYASI.docx	10085	2026-01-26 01:33:55	no	
/data/data/com.termux/files/home/HP_PROJELERI/HP Motor Analiz Sistemi Mimarisi ve Veri Ä°ÅŸleme.docx	27815	2026-01-28 00:56:50	no	
/data/data/com.termux/files/home/HP_PROJELERI/HP Motor Vizyon GeniÅŸletici AraÅŸtÄ±rma Promptu.docx	28872	2026-01-24 14:01:16	no	
/data/data/com.termux/files/home/HP_PROJELERI/HP Motor: The Animatrix of Football Analytics - Te....docx	1021909	2026-01-28 02:32:32	no	
/data/data/com.termux/files/home/HP_PROJELERI/HP-Motor Kaynak AltyapÄ±sÄ± OluÅŸturma.docx	27766	2026-01-26 10:51:49	no	
/data/data/com.termux/files/home/HP_PROJELERI/HP-Motor-main	243044	2026-01-30 00:15:05	yes	SSOT_MOTOR
/data/data/com.termux/files/home/HP_PROJELERI/HP-Motor-main/.github	3132	2026-01-30 00:15:05	no	
/data/data/com.termux/files/home/HP_PROJELERI/HP-Motor-main/app.py	10019	2026-01-26 14:24:59	no	
/data/data/com.termux/files/home/HP_PROJELERI/HP-Motor-main/canon	2662	2026-01-26 14:24:59	no	
/data/data/com.termux/files/home/HP_PROJELERI/HP-Motor-main/config	4723	2026-01-26 14:24:59	no	
/data/data/com.termux/files/home/HP_PROJELERI/HP-Motor-main/main.py	1609	2026-01-26 14:24:59	no	
/data/data/com.termux/files/home/HP_PROJELERI/HP-Motor-main/pyproject.toml	698	2026-01-26 14:24:59	no	
/data/data/com.termux/files/home/HP_PROJELERI/HP-Motor-main/scripts	7530	2026-01-26 14:24:59	no	
/data/data/com.termux/files/home/HP_PROJELERI/HP-Motor-main/src	178283	2026-02-16 09:44:27	no	
/data/data/com.termux/files/home/HP_PROJELERI/HP-Motor-main/tests	8353	2026-02-07 10:53:24	no	
/data/data/com.termux/files/home/HP_PROJELERI/HP-Motor-main/tools	26035	2026-01-26 14:24:59	no	
/data/data/com.termux/files/home/HP_PROJELERI/HP_ENGINE_PREMATCH_SYSTEM_REPORT.docx	42293	2026-01-19 18:36:10	no	
/data/data/com.termux/files/home/HP_PROJELERI/HP_Engine_GS_SetPiece_VideoIntegrated_Output_v1.xlsx	14624	2026-01-20 22:08:14	no	
/data/data/com.termux/files/home/HP_PROJELERI/HP_Engine_Otonom_Analiz_Sistemi.docx	41041	2026-01-18 22:50:22	no	
/data/data/com.termux/files/home/HP_PROJELERI/HP_Evrensel_Analiz_Matrisi.md.docx	10751	2025-11-25 19:17:36	no	
/data/data/com.termux/files/home/HP_PROJELERI/HP_LIBRARY	901051528	2026-01-30 00:15:05	no	
/data/data/com.termux/files/home/HP_PROJELERI/HP_LIBRARY/AS Monaco 1-0 Galatasaray 09.12.2025, Ma+º-¦n Tamam-¦.csv	389443	2026-01-29 03:23:06	no	
/data/data/com.termux/files/home/HP_PROJELERI/HP_LIBRARY/AS Monaco 1-0 Galatasaray 09.12.2025, Ma+º-¦n Tamam-¦.xml	2045843	2026-01-29 03:23:10	no	
/data/data/com.termux/files/home/HP_PROJELERI/HP_LIBRARY/Alanyaspor Stats, All Competitions _ FBref.com	1472250	2026-01-29 03:22:32	no	
/data/data/com.termux/files/home/HP_PROJELERI/HP_LIBRARY/Aston Villa Stats, Europa League _ FBref.com.mht	1274907	2026-01-29 03:23:06	no	
/data/data/com.termux/files/home/HP_PROJELERI/HP_LIBRARY/Ates¦ºten Alacag¦å-¦ Olanlar O¦ênso¦êz.docx	14813	2026-01-29 03:22:30	no	
/data/data/com.termux/files/home/HP_PROJELERI/HP_LIBRARY/Atl+®tico Madrid Stats, All Competitions _ FBref.com	3863432	2026-01-29 03:23:04	no	
/data/data/com.termux/files/home/HP_PROJELERI/HP_LIBRARY/Atl+®tico Madrid Stats, Champions League _ FBref.com	1467780	2026-01-29 03:23:04	no	
/data/data/com.termux/files/home/HP_PROJELERI/HP_LIBRARY/Atl+®tico de Madrid 2-1 Inter Milan 26.11.2025, Ma+º-¦n Tamam-¦.csv	505417	2026-01-29 03:23:04	no	
/data/data/com.termux/files/home/HP_PROJELERI/HP_LIBRARY/Atl+®tico de Madrid 2-1 Inter Milan 26.11.2025, Ma+º-¦n Tamam-¦.xml	2324754	2026-01-29 03:23:10	no	
/data/data/com.termux/files/home/HP_PROJELERI/HP_LIBRARY/Atletico Madrid_vs_Galatasaray_matchup.csv	290	2026-01-29 03:22:30	no	
/data/data/com.termux/files/home/HP_PROJELERI/HP_LIBRARY/Beyoglu Yeni Carsi 0-1 Fenerbahce 14.01.2026, Ma+º-¦n Tamam-¦.csv	458413	2026-01-29 03:22:34	no	
/data/data/com.termux/files/home/HP_PROJELERI/HP_LIBRARY/Beyoglu Yeni Carsi 0-1 Fenerbahce 14.01.2026, Ma+º-¦n Tamam-¦.xml	98159	2026-01-29 03:22:42	no	
/data/data/com.termux/files/home/HP_PROJELERI/HP_LIBRARY/Champions League Stats _ FBref.com	2713270	2026-01-29 03:23:10	no	
/data/data/com.termux/files/home/HP_PROJELERI/HP_LIBRARY/DocSend	7900887	2026-01-29 03:22:32	no	
/data/data/com.termux/files/home/HP_PROJELERI/HP_LIBRARY/Fatih Karag++mr++k 1-3 Galatasaray 24.01.2026, Ma+º-¦n Tamam-¦.csv	443179	2026-01-29 03:22:30	no	
/data/data/com.termux/files/home/HP_PROJELERI/HP_LIBRARY/Fatih Karag++mr++k 1-3 Galatasaray 24.01.2026, Ma+º-¦n Tamam-¦.xml	2064843	2026-01-29 03:22:32	no	
/data/data/com.termux/files/home/HP_PROJELERI/HP_LIBRARY/Fenerbah+ºe Stats, Europa League _ FBref.com.mht	1672227	2026-01-29 03:22:42	no	
/data/data/com.termux/files/home/HP_PROJELERI/HP_LIBRARY/Fenerbah+ºe Stats, S++per Lig _ FBref.com	2607719	2026-01-29 03:23:06	no	
/data/data/com.termux/files/home/HP_PROJELERI/HP_LIBRARY/Fenerbahce 1-2 Besiktas JK 23.12.2025, Ma+º-¦n Tamam-¦.csv	352794	2026-01-29 03:23:10	no	
/data/data/com.termux/files/home/HP_PROJELERI/HP_LIBRARY/Figma.mht	1204191	2026-01-29 03:23:04	no	
/data/data/com.termux/files/home/HP_PROJELERI/HP_LIBRARY/Futbol Analiz Sistemi Yol Haritas-¦.pdf	148189	2026-01-29 03:22:32	no	
/data/data/com.termux/files/home/HP_PROJELERI/HP_LIBRARY/Galatasaray 0-2 Fenerbahce 10.01.2026, Ma+º-¦n Tamam-¦.csv	362852	2026-01-29 03:22:32	no	
/data/data/com.termux/files/home/HP_PROJELERI/HP_LIBRARY/Galatasaray 0-2 Fenerbahce 10.01.2026, Ma+º-¦n Tamam-¦.xml	1702142	2026-01-29 03:23:08	no	
/data/data/com.termux/files/home/HP_PROJELERI/HP_LIBRARY/Galatasaray 1-1 Atl+®tico de Madrid 21.01.2026, Ma+º-¦n Tamam-¦.csv	424346	2026-01-29 03:22:32	no	
/data/data/com.termux/files/home/HP_PROJELERI/HP_LIBRARY/Galatasaray 1-1 Atl+®tico de Madrid 21.01.2026, Ma+º-¦n Tamam-¦.xml	2086516	2026-01-29 03:22:34	no	
/data/data/com.termux/files/home/HP_PROJELERI/HP_LIBRARY/Galatasaray 1-1 Gaziantep FK 17.01.2026, Ma+º-¦n Tamam-¦.csv	421622	2026-01-29 03:23:06	no	
/data/data/com.termux/files/home/HP_PROJELERI/HP_LIBRARY/Galatasaray 1-1 Gaziantep FK 17.01.2026, Ma+º-¦n Tamam-¦.xml	1984732	2026-01-29 03:22:34	no	
/data/data/com.termux/files/home/HP_PROJELERI/HP_LIBRARY/Galatasaray Stats, S++per Lig _ FBref.com	3103229	2026-01-29 03:22:32	no	
/data/data/com.termux/files/home/HP_PROJELERI/HP_LIBRARY/Galatasaray vs. Atl+®tico Madrid Match Report ÔÇô Wednesday January 21, 2026 _ FBref.com.mht	1220700	2026-01-29 03:22:32	no	
/data/data/com.termux/files/home/HP_PROJELERI/HP_LIBRARY/Galatasaray. Pozisyonlar.mp4_token=EbkkcjHNRdGqQrYrVCUNv623KAgzn1uywc5bXoGH4jE.mp4	71095922	2026-01-29 03:22:34	no	
/data/data/com.termux/files/home/HP_PROJELERI/HP_LIBRARY/Galatasaray_vs_Atletico Madrid_features.json	2018	2026-01-29 03:22:32	no	
/data/data/com.termux/files/home/HP_PROJELERI/HP_LIBRARY/Galatasaray_vs_Atletico Madrid_matchup (1).csv	290	2026-01-29 03:23:04	no	
/data/data/com.termux/files/home/HP_PROJELERI/HP_LIBRARY/Galatasaray_vs_Atletico Madrid_matchup.csv	290	2026-01-29 03:23:04	no	
/data/data/com.termux/files/home/HP_PROJELERI/HP_LIBRARY/Galatasaray_vs_Atletico de Madrid _matchup.csv	290	2026-01-29 03:22:30	no	
/data/data/com.termux/files/home/HP_PROJELERI/HP_LIBRARY/Gaziantep FK vs. Galatasaray Match Report ÔÇô Friday August 8, 2025 _ FBref.com	1218799	2026-01-29 03:22:34	no	
/data/data/com.termux/files/home/HP_PROJELERI/HP_LIBRARY/HP Motor Analiz Sistemi Mimarisi ve Veri -¦+ƒleme.pdf	242112	2026-01-29 03:22:30	no	
/data/data/com.termux/files/home/HP_PROJELERI/HP_LIBRARY/HP proje.zip	529364902	2026-01-29 03:22:00	no	
/data/data/com.termux/files/home/HP_PROJELERI/HP_LIBRARY/HP-Engine-main	27719	2026-01-29 03:23:10	no	
/data/data/com.termux/files/home/HP_PROJELERI/HP_LIBRARY/HP-Motor-main (1).zip	119323	2026-01-29 03:22:30	no	
/data/data/com.termux/files/home/HP_PROJELERI/HP_LIBRARY/HP-Motor-termux-lite-patch.zip	114011	2026-01-29 03:23:06	no	
/data/data/com.termux/files/home/HP_PROJELERI/HP_LIBRARY/HP.zip	78654999	2026-01-29 03:22:20	no	
/data/data/com.termux/files/home/HP_PROJELERI/HP_LIBRARY/HPREMATCH_MONOLITH_REFACTOR_MAP_v1.yml	8091	2026-01-29 03:22:32	no	
/data/data/com.termux/files/home/HP_PROJELERI/HP_LIBRARY/HP_DataDictionary_Canonical_v1 (1).yaml	1620	2026-01-29 03:23:10	no	
/data/data/com.termux/files/home/HP_PROJELERI/HP_LIBRARY/HP_ENGINE_CANONICAL_SPEC_v1.1.0.yaml	5646	2026-01-29 03:22:34	no	
/data/data/com.termux/files/home/HP_PROJELERI/HP_LIBRARY/HP_ENGINE_PREMATCH_SYSTEM_REPORT.docx	42293	2026-01-29 03:22:30	no	
/data/data/com.termux/files/home/HP_PROJELERI/HP_LIBRARY/HP_ENGINE_RESTRUCTURE_BLUEPRINT_v1 (1).yml	13206	2026-01-29 03:22:32	no	
/data/data/com.termux/files/home/HP_PROJELERI/HP_LIBRARY/HP_ENGINE_VISUAL_OS_CARAVAGGIO_v1.0.0 (1).yaml	7251	2026-01-29 03:23:06	no	
/data/data/com.termux/files/home/HP_PROJELERI/HP_LIBRARY/HP_ENGINE_VISUAL_OS_CARAVAGGIO_v1.0.0 (2).yaml	8145	2026-01-29 03:22:30	no	
/data/data/com.termux/files/home/HP_PROJELERI/HP_LIBRARY/HP_ENGINE_VISUAL_OS_CARAVAGGIO_v1.0.1 (1).yaml	1524	2026-01-29 03:22:32	no	
/data/data/com.termux/files/home/HP_PROJELERI/HP_LIBRARY/HP_Engine_GS_SetPiece_VideoIntegrated_Output_v1.xlsx	14624	2026-01-29 03:22:42	no	
/data/data/com.termux/files/home/HP_PROJELERI/HP_LIBRARY/HP_Engine_Otonom_Analiz_Sistemi.docx	41041	2026-01-29 03:22:34	no	
/data/data/com.termux/files/home/HP_PROJELERI/HP_LIBRARY/HP_Motor_System_Architecture.docx	14641	2026-01-29 03:23:04	no	
/data/data/com.termux/files/home/HP_PROJELERI/HP_LIBRARY/HP_Spor_Analiz_Sistemi_Yol_Haritasi_v1.docx	41093	2026-01-29 03:22:34	no	
/data/data/com.termux/files/home/HP_PROJELERI/HP_LIBRARY/Hikmet P-¦narba+ƒ dosya.docx	45020	2026-01-29 03:22:32	no	
/data/data/com.termux/files/home/HP_PROJELERI/HP_LIBRARY/Kodlar	0	2026-01-29 03:23:10	no	
/data/data/com.termux/files/home/HP_PROJELERI/HP_LIBRARY/Noa Lang _ Napoli _ xG _ Shot Map _ Goal stats _ Understat.com.mht	286856	2026-01-29 03:22:30	no	
/data/data/com.termux/files/home/HP_PROJELERI/HP_LIBRARY/Noa Lang _ Stats 2025_2026 _ Performance Data _ Form Check (1).mht	2342511	2026-01-29 03:23:06	no	
/data/data/com.termux/files/home/HP_PROJELERI/HP_LIBRARY/Noa Lang _ Stats 2025_2026 _ Performance Data _ Form Check.mht	2342511	2026-01-29 03:22:32	no	
/data/data/com.termux/files/home/HP_PROJELERI/HP_LIBRARY/Noa Lang-áÔÇô Player Analysis - The Football Analyst.mht	771742	2026-01-29 03:22:34	no	
/data/data/com.termux/files/home/HP_PROJELERI/HP_LIBRARY/Notes	125837	2026-01-29 03:23:10	no	
/data/data/com.termux/files/home/HP_PROJELERI/HP_LIBRARY/S++per Lig Stats _ FBref.com	1535333	2026-01-29 03:22:28	no	
/data/data/com.termux/files/home/HP_PROJELERI/HP_LIBRARY/S++per Lig Stats _ FBref.com (1)	1280807	2026-01-29 03:22:30	no	
/data/data/com.termux/files/home/HP_PROJELERI/HP_LIBRARY/Tebe.mp3	31051474	2026-01-29 03:23:04	no	
/data/data/com.termux/files/home/HP_PROJELERI/HP_LIBRARY/Y+íser Asprilla _ Opta Analyst.mht	3910294	2026-01-29 03:23:06	no	
/data/data/com.termux/files/home/HP_PROJELERI/HP_LIBRARY/Yaser Asprilla - Stats and titles won - 25_26.mht	3231912	2026-01-29 03:23:10	no	
/data/data/com.termux/files/home/HP_PROJELERI/HP_LIBRARY/Yaser Asprilla _ Stats 2025_2026 _ Performance Data _ Form Check.mht	2238674	2026-01-29 03:22:28	no	
/data/data/com.termux/files/home/HP_PROJELERI/HP_LIBRARY/Yaser Asprilla ÔÇô Girona_ LaLiga 2024-25 Data, Stats, Analysis and Scout report.mht	1504856	2026-01-29 03:23:06	no	
/data/data/com.termux/files/home/HP_PROJELERI/HP_LIBRARY/Yaser Asprilla. 55 ma+º - En iyi hareketler.mp4_token=05ptthcy-xh3TQhs8GBrNL9YwN_xBBLf78Msb3MjZjQ.mp4	34668271	2026-01-29 03:23:04	no	
/data/data/com.termux/files/home/HP_PROJELERI/HP_LIBRARY/Yaser Asprilla. 55 ma+º - Goll++k hatalar.mp4_token=XXFcBjSsiLmKGkIPhRjQz3wDT_p9nfIDLDa0-aB6fwQ.mp4	8424872	2026-01-29 03:22:28	no	
/data/data/com.termux/files/home/HP_PROJELERI/HP_LIBRARY/Yaser Asprilla. Oyuncunun performans-¦ndan kesitler.mp4_token=jKL4K4OjYQMaUlzbzdbyk_rI87dTIErza8WZqsOMThc.mp4	78838510	2026-01-29 03:23:06	no	
/data/data/com.termux/files/home/HP_PROJELERI/HP_LIBRARY/analysis_claim.example.json	1709	2026-01-29 03:22:28	no	
/data/data/com.termux/files/home/HP_PROJELERI/HP_LIBRARY/analysis_claim.schema.json	9802	2026-01-29 03:23:10	no	
/data/data/com.termux/files/home/HP_PROJELERI/HP_LIBRARY/eksik_tanimli_aksiyonlar.csv	1663	2026-01-29 03:23:04	no	
/data/data/com.termux/files/home/HP_PROJELERI/HP_LIBRARY/football_metrics_encyclopedia.py	44946	2026-01-29 03:22:30	no	
/data/data/com.termux/files/home/HP_PROJELERI/HP_LIBRARY/football_philosophy_engine.py	51895	2026-01-29 03:22:30	no	
/data/data/com.termux/files/home/HP_PROJELERI/HP_LIBRARY/heatmap_ALL_ALL.png	22144	2026-01-29 03:23:04	no	
/data/data/com.termux/files/home/HP_PROJELERI/HP_LIBRARY/heatmap_Fatih_Karag++mr++k_(26919)_ALL.png	27043	2026-01-29 03:23:10	no	
/data/data/com.termux/files/home/HP_PROJELERI/HP_LIBRARY/heatmap_Fatih_Karag++mr++k_ALL.png	25958	2026-01-29 03:23:06	no	
/data/data/com.termux/files/home/HP_PROJELERI/HP_LIBRARY/heatmap_Galatasaray_(29205)_ALL.png	26844	2026-01-29 03:22:34	no	
/data/data/com.termux/files/home/HP_PROJELERI/HP_LIBRARY/heatmap_Galatasaray_ALL.png	25978	2026-01-29 03:23:04	no	
/data/data/com.termux/files/home/HP_PROJELERI/HP_LIBRARY/heatmap_Galatasaray_pass.png	27712	2026-01-29 03:22:34	no	
/data/data/com.termux/files/home/HP_PROJELERI/HP_LIBRARY/hp-metric-registry	3682	2026-01-29 03:23:10	no	
/data/data/com.termux/files/home/HP_PROJELERI/HP_LIBRARY/hp_engine_hybrid_panel_simulation.png	255147	2026-01-29 03:22:34	no	
/data/data/com.termux/files/home/HP_PROJELERI/HP_LIBRARY/hp_engine_sprint0_video_layer	31696	2026-01-30 00:15:05	no	
/data/data/com.termux/files/home/HP_PROJELERI/HP_LIBRARY/hp_engine_v3_complete.tar.gz	26074	2026-01-29 03:23:06	no	
/data/data/com.termux/files/home/HP_PROJELERI/HP_LIBRARY/hp_motor_match_analysis_example_and_template.docx	39511	2026-01-29 03:23:06	no	
/data/data/com.termux/files/home/HP_PROJELERI/HP_LIBRARY/hp_motor_match_analysis_sample_mancity_rma_20230517.json	2244	2026-01-29 03:23:10	no	
/data/data/com.termux/files/home/HP_PROJELERI/HP_LIBRARY/hp_motor_match_analysis_template.json	782	2026-01-29 03:22:34	no	
/data/data/com.termux/files/home/HP_PROJELERI/HP_LIBRARY/hp_motor_plots	504889	2026-01-29 03:23:10	no	
/data/data/com.termux/files/home/HP_PROJELERI/HP_LIBRARY/hp_motor_research_pack_20260126.json	24357	2026-01-29 03:22:32	no	
/data/data/com.termux/files/home/HP_PROJELERI/HP_LIBRARY/hp_motor_run_GS_ATM_20260121.zip	161944	2026-01-29 03:22:30	no	
/data/data/com.termux/files/home/HP_PROJELERI/HP_LIBRARY/hp_motor_termux_bootstrap.zip	10548	2026-01-29 03:22:34	no	
/data/data/com.termux/files/home/HP_PROJELERI/HP_LIBRARY/hp_postmatch_assets_v2_inventory.json	815	2026-01-29 03:23:04	no	
/data/data/com.termux/files/home/HP_PROJELERI/HP_LIBRARY/hp_single_source_of_truth_v1_fixed.py	11849	2026-01-29 03:23:10	no	
/data/data/com.termux/files/home/HP_PROJELERI/HP_LIBRARY/hp_sot_patch_v1.json	268	2026-01-29 03:22:34	no	
/data/data/com.termux/files/home/HP_PROJELERI/HP_LIBRARY/hp_sot_v1.json	459	2026-01-29 03:22:28	no	
/data/data/com.termux/files/home/HP_PROJELERI/HP_LIBRARY/league-chemp.csv	1872	2026-01-29 03:23:06	no	
/data/data/com.termux/files/home/HP_PROJELERI/HP_LIBRARY/league-chemp.json	4856	2026-01-29 03:22:32	no	
/data/data/com.termux/files/home/HP_PROJELERI/HP_LIBRARY/league-players.csv	51365	2026-01-29 03:23:10	no	
/data/data/com.termux/files/home/HP_PROJELERI/HP_LIBRARY/league-players.json	138401	2026-01-29 03:22:34	no	
/data/data/com.termux/files/home/HP_PROJELERI/HP_LIBRARY/metric_encyclopedia.py	1384	2026-01-29 03:23:10	no	
/data/data/com.termux/files/home/HP_PROJELERI/HP_LIBRARY/metric_spec.example.json	1484	2026-01-29 03:23:10	no	
/data/data/com.termux/files/home/HP_PROJELERI/HP_LIBRARY/metric_spec.schema.json	7003	2026-01-29 03:23:06	no	
/data/data/com.termux/files/home/HP_PROJELERI/HP_LIBRARY/ohSFO5bg5FLWlM4o.mp4	1285603	2026-01-29 03:23:10	no	
/data/data/com.termux/files/home/HP_PROJELERI/HP_LIBRARY/pattern.example.json	1137	2026-01-29 03:23:10	no	
/data/data/com.termux/files/home/HP_PROJELERI/HP_LIBRARY/pattern.schema.json	3959	2026-01-29 03:23:06	no	
/data/data/com.termux/files/home/HP_PROJELERI/HP_LIBRARY/player-groups (1).csv	256	2026-01-29 03:22:42	no	
/data/data/com.termux/files/home/HP_PROJELERI/HP_LIBRARY/player-groups (1).json	449	2026-01-29 03:23:04	no	
/data/data/com.termux/files/home/HP_PROJELERI/HP_LIBRARY/player-groups (2).csv	245	2026-01-29 03:23:04	no	
/data/data/com.termux/files/home/HP_PROJELERI/HP_LIBRARY/player-groups (2).json	438	2026-01-29 03:22:30	no	
/data/data/com.termux/files/home/HP_PROJELERI/HP_LIBRARY/player-groups.csv	319	2026-01-29 03:22:30	no	
/data/data/com.termux/files/home/HP_PROJELERI/HP_LIBRARY/player-groups.json	320	2026-01-29 03:23:08	no	
/data/data/com.termux/files/home/HP_PROJELERI/HP_LIBRARY/player-history.csv	1624	2026-01-29 03:22:34	no	
/data/data/com.termux/files/home/HP_PROJELERI/HP_LIBRARY/player-history.json	4022	2026-01-29 03:22:42	no	
/data/data/com.termux/files/home/HP_PROJELERI/HP_LIBRARY/reference.example.json	438	2026-01-29 03:23:06	no	
/data/data/com.termux/files/home/HP_PROJELERI/HP_LIBRARY/reference.schema.json	1503	2026-01-29 03:23:06	no	
/data/data/com.termux/files/home/HP_PROJELERI/HP_LIBRARY/signal.example.json	418	2026-01-29 03:23:06	no	
/data/data/com.termux/files/home/HP_PROJELERI/HP_LIBRARY/signal.schema.json	2272	2026-01-29 03:23:06	no	
/data/data/com.termux/files/home/HP_PROJELERI/HP_LIBRARY/team-players.csv	2888	2026-01-29 03:22:42	no	
/data/data/com.termux/files/home/HP_PROJELERI/HP_LIBRARY/team-statistics (1).csv	275	2026-01-29 03:22:34	no	
/data/data/com.termux/files/home/HP_PROJELERI/HP_LIBRARY/team-statistics (2).csv	316	2026-01-29 03:23:10	no	
/data/data/com.termux/files/home/HP_PROJELERI/HP_LIBRARY/team-statistics (3).csv	310	2026-01-29 03:22:30	no	
/data/data/com.termux/files/home/HP_PROJELERI/HP_LIBRARY/team-statistics.csv	368	2026-01-29 03:22:34	no	
/data/data/com.termux/files/home/HP_PROJELERI/HP_LIBRARY/xG stats for teams and players from the TOP European leagues	229775	2026-01-29 03:22:28	no	
/data/data/com.termux/files/home/HP_PROJELERI/Hikmet PÄ±narbaÅŸÄ± Velri sÃ¶zlÃ¼ÄŸÃ¼.docx	13169	2026-01-20 22:08:14	no	
/data/data/com.termux/files/home/HP_PROJELERI/Kitaplar makaleler	0	2026-01-30 00:15:09	no	
/data/data/com.termux/files/home/HP_PROJELERI/MANIFEST_20260105_001041.json	1160	2026-01-05 00:10:40	no	
/data/data/com.termux/files/home/HP_PROJELERI/Otonom Video Analiz Sistemi Yol HaritasÄ±.docx	6213691	2026-01-16 13:11:28	no	
/data/data/com.termux/files/home/HP_PROJELERI/Transfer Dock_Text_20260120004416.docx	6795	2026-01-20 12:39:00	no	
/data/data/com.termux/files/home/HP_PROJELERI/Untitled0.ipynb	293717	2026-01-05 00:09:52	no	
/data/data/com.termux/files/home/HP_PROJELERI/_ACTIVE	93261583	2026-01-30 00:29:26	no	
/data/data/com.termux/files/home/HP_PROJELERI/_ACTIVE/core	34882	2026-01-30 00:21:55	no	
/data/data/com.termux/files/home/HP_PROJELERI/_ACTIVE/hp_core	11849	2026-01-30 02:43:22	no	
/data/data/com.termux/files/home/HP_PROJELERI/_ACTIVE/hp_single_source_of_truth_v1_fixed.py	11849	2026-01-05 00:09:50	no	
/data/data/com.termux/files/home/HP_PROJELERI/_ACTIVE/knowledge_base	93203003	2026-01-30 00:21:56	no	
/data/data/com.termux/files/home/HP_PROJELERI/_CANDIDATES	82358447	2026-01-30 00:21:25	no	
/data/data/com.termux/files/home/HP_PROJELERI/_CANDIDATES/knowledge	82323565	2026-01-30 00:21:36	no	
/data/data/com.termux/files/home/HP_PROJELERI/_CANDIDATES/py	34882	2026-01-30 02:43:22	no	
/data/data/com.termux/files/home/HP_PROJELERI/_UNKNOWN	0	2026-01-30 00:14:29	no	
/data/data/com.termux/files/home/HP_PROJELERI/_ZIP_EXPLODED	122314595	2026-01-30 00:20:51	no	
/data/data/com.termux/files/home/HP_PROJELERI/_ZIP_EXPLODED/(1)	0	2026-01-30 00:20:50	no	
/data/data/com.termux/files/home/HP_PROJELERI/_ZIP_EXPLODED/(2)	0	2026-01-30 00:20:51	no	
/data/data/com.termux/files/home/HP_PROJELERI/_ZIP_EXPLODED/HP	82976877	2026-01-30 00:20:49	no	
/data/data/com.termux/files/home/HP_PROJELERI/_ZIP_EXPLODED/HP-Motor-main	0	2026-01-30 00:20:50	no	
/data/data/com.termux/files/home/HP_PROJELERI/_ZIP_EXPLODED/HP-Motor-termux-lite-patch	74012	2026-01-30 00:20:50	no	
/data/data/com.termux/files/home/HP_PROJELERI/_ZIP_EXPLODED/HP_ENGINE_PREMATCH_SYSTEM_REPORT_PACKAGE	44601	2026-01-30 00:20:51	no	
/data/data/com.termux/files/home/HP_PROJELERI/_ZIP_EXPLODED/HP_ENGINE_SAFETY_SNAPSHOT_20260105_001041	322236	2026-02-11 01:25:08	no	
/data/data/com.termux/files/home/HP_PROJELERI/_ZIP_EXPLODED/HP_Engine_AURELIA_All_In_One_2026-01-20	36727768	2026-01-30 00:20:51	no	
/data/data/com.termux/files/home/HP_PROJELERI/_ZIP_EXPLODED/HP_Engine_Hub_Spec_v0_1	24178	2026-01-30 00:20:50	no	
/data/data/com.termux/files/home/HP_PROJELERI/_ZIP_EXPLODED/HP_Engine_Package	44071	2026-01-30 00:20:51	no	
/data/data/com.termux/files/home/HP_PROJELERI/_ZIP_EXPLODED/Library	0	2026-01-30 00:20:50	no	
/data/data/com.termux/files/home/HP_PROJELERI/_ZIP_EXPLODED/football_metrics_system	8073	2026-01-30 00:20:51	no	
/data/data/com.termux/files/home/HP_PROJELERI/_ZIP_EXPLODED/hp-motor-registry-audit-reports	1727	2026-01-30 00:20:51	no	
/data/data/com.termux/files/home/HP_PROJELERI/_ZIP_EXPLODED/hp_engine_contracts_pack	29849	2026-01-30 00:20:51	no	
/data/data/com.termux/files/home/HP_PROJELERI/_ZIP_EXPLODED/hp_engine_core_mobile_ready	0	2026-01-30 00:20:51	no	
/data/data/com.termux/files/home/HP_PROJELERI/_ZIP_EXPLODED/hp_engine_origin_bundle	11242	2026-01-30 00:20:51	no	
/data/data/com.termux/files/home/HP_PROJELERI/_ZIP_EXPLODED/hp_engine_playbook_all_conversation_as_code	22224	2026-01-30 00:20:51	no	
/data/data/com.termux/files/home/HP_PROJELERI/_ZIP_EXPLODED/hp_engine_scaffold	573584	2026-01-30 00:20:50	no	
/data/data/com.termux/files/home/HP_PROJELERI/_ZIP_EXPLODED/hp_engine_sprint0_video_layer	33714	2026-01-30 00:20:51	no	
/data/data/com.termux/files/home/HP_PROJELERI/_ZIP_EXPLODED/hp_engine_v0_2_ready_persist	36748	2026-01-30 00:20:50	no	
/data/data/com.termux/files/home/HP_PROJELERI/_ZIP_EXPLODED/hp_engine_v3_min_core	24168	2026-01-30 00:20:51	no	
/data/data/com.termux/files/home/HP_PROJELERI/_ZIP_EXPLODED/hp_fitness_pipeline	50398	2026-01-30 00:20:51	yes	
/data/data/com.termux/files/home/HP_PROJELERI/_ZIP_EXPLODED/hp_motor_run_GS_ATM_20260121	1277627	2026-01-30 00:20:50	no	
/data/data/com.termux/files/home/HP_PROJELERI/_ZIP_EXPLODED/hp_motor_termux_bootstrap	29969	2026-01-30 00:20:50	no	
/data/data/com.termux/files/home/HP_PROJELERI/_ZIP_EXPLODED/proje	0	2026-01-30 00:20:49	no	
/data/data/com.termux/files/home/HP_PROJELERI/_ZIP_EXPLODED/sportsbase_ingest_out	1529	2026-01-30 00:20:51	no	
/data/data/com.termux/files/home/HP_PROJELERI/_zip_inventory.json	308	2026-01-30 00:21:07	no	
/data/data/com.termux/files/home/HP_PROJELERI/apps	3998	2026-01-30 00:14:03	no	
/data/data/com.termux/files/home/HP_PROJELERI/apps/analysis	3998	2026-01-30 00:14:03	no	
/data/data/com.termux/files/home/HP_PROJELERI/canon	19739	2026-01-30 00:14:03	no	
/data/data/com.termux/files/home/HP_PROJELERI/canon/contracts	5603	2026-01-30 00:14:03	no	
/data/data/com.termux/files/home/HP_PROJELERI/canon/metric_graph.yaml	456	2026-01-22 12:39:10	no	
/data/data/com.termux/files/home/HP_PROJELERI/canon/ontology	5821	2026-01-30 00:14:03	no	
/data/data/com.termux/files/home/HP_PROJELERI/canon/policies	4101	2026-01-30 00:14:03	no	
/data/data/com.termux/files/home/HP_PROJELERI/canon/registry	3377	2026-01-30 00:14:03	no	
/data/data/com.termux/files/home/HP_PROJELERI/canon/schema_v2.yaml	381	2026-01-22 12:39:10	no	
/data/data/com.termux/files/home/HP_PROJELERI/caravaggio_test.csv.docx	6967	2025-12-19 09:19:25	no	
/data/data/com.termux/files/home/HP_PROJELERI/clips.jsonl	942	2026-01-21 19:40:26	no	
/data/data/com.termux/files/home/HP_PROJELERI/clips_summary.json	587	2026-01-21 19:40:26	no	
/data/data/com.termux/files/home/HP_PROJELERI/configs	0	2026-01-30 00:14:46	no	
/data/data/com.termux/files/home/HP_PROJELERI/contracts	22259	2026-01-30 00:14:03	no	
/data/data/com.termux/files/home/HP_PROJELERI/contracts/fitness_contract.yml	22259	2025-12-24 05:59:38	no	
/data/data/com.termux/files/home/HP_PROJELERI/demo	469	2026-01-30 00:14:03	no	
/data/data/com.termux/files/home/HP_PROJELERI/demo/run_match.py	469	2026-01-22 12:39:10	no	
/data/data/com.termux/files/home/HP_PROJELERI/engine	30874	2026-01-30 00:14:03	no	
/data/data/com.termux/files/home/HP_PROJELERI/engine/__init__.py	13	2026-01-22 12:39:10	no	
/data/data/com.termux/files/home/HP_PROJELERI/engine/aurelia_narrative.py	1129	2026-01-22 12:39:10	no	
/data/data/com.termux/files/home/HP_PROJELERI/engine/master_orchestrator.py	1849	2026-01-22 12:39:10	no	
/data/data/com.termux/files/home/HP_PROJELERI/engine/metric_engine.py	1915	2026-01-22 12:39:10	no	
/data/data/com.termux/files/home/HP_PROJELERI/engine/metrics	5183	2026-01-30 00:14:03	no	
/data/data/com.termux/files/home/HP_PROJELERI/engine/plotspec_factory.py	869	2026-01-22 12:39:10	no	
/data/data/com.termux/files/home/HP_PROJELERI/engine/popper_gate.py	1455	2026-01-22 12:39:10	no	
/data/data/com.termux/files/home/HP_PROJELERI/engine/provider	4465	2026-01-30 00:14:03	no	
/data/data/com.termux/files/home/HP_PROJELERI/engine/sot_validator.py	1823	2026-01-22 12:39:10	no	
/data/data/com.termux/files/home/HP_PROJELERI/engine/validation	4228	2026-01-30 00:14:03	no	
/data/data/com.termux/files/home/HP_PROJELERI/engine/video	7945	2026-01-30 00:14:03	no	
/data/data/com.termux/files/home/HP_PROJELERI/example_streamlit_app.py	270	2025-12-18 11:24:34	no	
/data/data/com.termux/files/home/HP_PROJELERI/football_metrics_system	3321	2026-01-30 00:15:06	no	
/data/data/com.termux/files/home/HP_PROJELERI/football_metrics_system/metric_encyclopedia.py	1384	2026-01-21 18:37:02	no	
/data/data/com.termux/files/home/HP_PROJELERI/football_metrics_system/metric_ontology.json	1342	2026-01-21 18:36:36	no	
/data/data/com.termux/files/home/HP_PROJELERI/football_metrics_system/platform_mappings.json	595	2026-01-21 18:35:31	no	
/data/data/com.termux/files/home/HP_PROJELERI/hp_engine_contracts	29725	2026-01-30 00:15:09	no	
/data/data/com.termux/files/home/HP_PROJELERI/hp_engine_contracts/examples	5186	2026-01-30 00:14:02	no	
/data/data/com.termux/files/home/HP_PROJELERI/hp_engine_contracts/schemas	24539	2026-01-30 00:14:02	no	
/data/data/com.termux/files/home/HP_PROJELERI/hp_engine_core	17523	2026-01-30 00:15:09	no	
/data/data/com.termux/files/home/HP_PROJELERI/hp_engine_core/example_streamlit_app.py	270	2025-12-18 11:24:34	no	
/data/data/com.termux/files/home/HP_PROJELERI/hp_engine_core/hp_engine_core	17253	2026-01-30 00:14:03	no	
/data/data/com.termux/files/home/HP_PROJELERI/hp_engine_origin_bundle	10570	2026-01-30 00:15:09	no	
/data/data/com.termux/files/home/HP_PROJELERI/hp_engine_origin_bundle/decision_matrix.csv	804	2025-12-24 05:58:00	no	
/data/data/com.termux/files/home/HP_PROJELERI/hp_engine_origin_bundle/hp_engine_codegen.py	1378	2025-12-24 05:58:00	no	
/data/data/com.termux/files/home/HP_PROJELERI/hp_engine_origin_bundle/origin_spec.schema.json	866	2025-12-24 05:58:00	no	
/data/data/com.termux/files/home/HP_PROJELERI/hp_engine_origin_bundle/origin_spec.yaml	7522	2025-12-24 05:58:00	no	
/data/data/com.termux/files/home/HP_PROJELERI/hp_engine_playbook	21604	2026-01-30 00:15:06	yes	
/data/data/com.termux/files/home/HP_PROJELERI/hp_engine_playbook/hp_engine_playbook	10997	2026-01-30 00:14:03	no	
/data/data/com.termux/files/home/HP_PROJELERI/hp_engine_playbook/manifest	5108	2026-01-30 00:14:03	no	
/data/data/com.termux/files/home/HP_PROJELERI/hp_engine_playbook/prompts	1421	2026-01-30 00:14:03	no	
/data/data/com.termux/files/home/HP_PROJELERI/hp_engine_playbook/pyproject.toml	242	2025-12-24 05:58:44	no	
/data/data/com.termux/files/home/HP_PROJELERI/hp_engine_playbook/schema	2480	2026-01-30 00:14:03	no	
/data/data/com.termux/files/home/HP_PROJELERI/hp_engine_playbook/tools	1356	2026-01-30 00:14:03	no	
/data/data/com.termux/files/home/HP_PROJELERI/hp_engine_scaffold	572211	2026-01-30 00:15:09	no	
/data/data/com.termux/files/home/HP_PROJELERI/hp_engine_scaffold/apps	8796	2026-01-20 16:39:28	no	
/data/data/com.termux/files/home/HP_PROJELERI/hp_engine_scaffold/canon	545803	2026-01-20 16:39:28	no	
/data/data/com.termux/files/home/HP_PROJELERI/hp_engine_scaffold/engine	11442	2026-01-20 17:00:56	no	
/data/data/com.termux/files/home/HP_PROJELERI/hp_engine_scaffold/tools	6170	2026-01-20 16:55:48	no	
/data/data/com.termux/files/home/HP_PROJELERI/hp_engine_spec.yaml	2197	2026-01-18 22:50:22	no	
/data/data/com.termux/files/home/HP_PROJELERI/hp_engine_v0_2	35813	2026-01-30 00:15:09	no	
/data/data/com.termux/files/home/HP_PROJELERI/hp_engine_v0_2/contracts	3097	2026-01-30 00:14:02	no	
/data/data/com.termux/files/home/HP_PROJELERI/hp_engine_v0_2/hp_engine	14052	2026-01-30 00:14:02	no	
/data/data/com.termux/files/home/HP_PROJELERI/hp_engine_v0_2/recipes.yaml	1260	2025-12-19 23:39:06	no	
/data/data/com.termux/files/home/HP_PROJELERI/hp_engine_v0_2/run_demo.py	2806	2025-12-19 23:39:52	no	
/data/data/com.termux/files/home/HP_PROJELERI/hp_engine_v0_2/tests	14598	2026-02-07 10:53:25	no	
/data/data/com.termux/files/home/HP_PROJELERI/pyproject.toml	431	2025-12-24 05:59:38	no	
/data/data/com.termux/files/home/HP_PROJELERI/registry_audit_1769184714.json	902	2026-01-23 16:11:54	no	
/data/data/com.termux/files/home/HP_PROJELERI/schemas	6760	2026-01-30 00:14:03	no	
/data/data/com.termux/files/home/HP_PROJELERI/schemas/fitness_player_aggregate.schema.json	1000	2025-12-24 05:59:38	no	
/data/data/com.termux/files/home/HP_PROJELERI/schemas/fitness_team_match.schema.json	1310	2025-12-24 05:59:38	no	
/data/data/com.termux/files/home/HP_PROJELERI/schemas/hp_report.schema.json	4450	2025-12-23 23:36:00	no	
/data/data/com.termux/files/home/HP_PROJELERI/sources	35288923	2026-01-30 00:15:09	no	
/data/data/com.termux/files/home/HP_PROJELERI/sources/# Football Data and Metrics En.docx	15287	2026-01-20 11:29:02	no	
/data/data/com.termux/files/home/HP_PROJELERI/sources/Claude.docx	5073	2026-01-20 11:29:02	no	
/data/data/com.termux/files/home/HP_PROJELERI/sources/Futbol Analizi Ä°Ã§in Akademik Kaynak KÃ¼tÃ¼phanesi	287498	2026-01-20 11:29:00	no	
/data/data/com.termux/files/home/HP_PROJELERI/sources/Futbol Analizi Åžablon ve GeliÅŸtirme Projesi	365428	2026-01-20 11:29:00	no	
/data/data/com.termux/files/home/HP_PROJELERI/sources/Futbol Analizi: Her Åžeyin Teorisi	433883	2026-01-20 11:29:00	no	
/data/data/com.termux/files/home/HP_PROJELERI/sources/Futbol Ontolojisi: Sistem, Felsefe, Oyuncu	429098	2026-01-20 11:29:02	no	
/data/data/com.termux/files/home/HP_PROJELERI/sources/Futbol TakÄ±m Analizi AltyapÄ±sÄ± OluÅŸturma	291478	2026-01-20 11:29:00	no	
/data/data/com.termux/files/home/HP_PROJELERI/sources/Futbol TakÄ±m Analizi UstalÄ±k EÄŸitimi	312750	2026-01-20 11:29:00	no	
/data/data/com.termux/files/home/HP_PROJELERI/sources/Futbol Veri Analizi Metodolojisi Derlemesi	269040	2026-01-20 11:29:00	no	
/data/data/com.termux/files/home/HP_PROJELERI/sources/Futbol Veri Analizi ve Metrik GeliÅŸtirme Yol HaritasÄ±	264679	2026-01-20 11:29:00	no	
/data/data/com.termux/files/home/HP_PROJELERI/sources/Futbol Video Analizi Ä°Ã§in KapsamlÄ± Yol HaritasÄ±	348217	2026-01-20 11:29:00	no	
/data/data/com.termux/files/home/HP_PROJELERI/sources/Futbol ZekasÄ± Ekosistemi: hp Engine	348448	2026-01-20 11:29:00	no	
/data/data/com.termux/files/home/HP_PROJELERI/sources/Futbolu SÄ±fÄ±rdan Ã–ÄŸrenme AraÅŸtÄ±rma Dizisi	317040	2026-01-20 11:29:00	no	
/data/data/com.termux/files/home/HP_PROJELERI/sources/HP Engine Stratejik Otopsi Raporu	136063	2026-01-20 11:29:00	no	
/data/data/com.termux/files/home/HP_PROJELERI/sources/HP Engine mÃ¼hendisliÄŸi.docx	14381	2026-01-20 11:29:02	no	
/data/data/com.termux/files/home/HP_PROJELERI/sources/HP Engine sistemi.docx	6321	2026-01-20 11:29:02	no	
/data/data/com.termux/files/home/HP_PROJELERI/sources/Hikmet PÄ±narbaÅŸÄ± Velri sÃ¶zlÃ¼ÄŸÃ¼.docx	13169	2026-01-20 11:29:02	no	
/data/data/com.termux/files/home/HP_PROJELERI/sources/HikmetPinarbas_Teaser_Ses.mp3	4537	2026-01-20 11:29:02	no	
/data/data/com.termux/files/home/HP_PROJELERI/sources/Otonom Video Analiz Sistemi Yol HaritasÄ±	280592	2026-01-20 11:29:00	no	
/data/data/com.termux/files/home/HP_PROJELERI/sources/Prova.docx	9255	2026-01-20 11:29:02	no	
/data/data/com.termux/files/home/HP_PROJELERI/sources/Tebe.mp3	31051474	2026-01-20 11:29:04	no	
/data/data/com.termux/files/home/HP_PROJELERI/sources/Transfer Dock_Text_20260120004416	17345	2026-01-20 11:28:58	no	
/data/data/com.termux/files/home/HP_PROJELERI/sources/caravaggio_test.csv	31478	2026-01-20 11:28:58	no	
/data/data/com.termux/files/home/HP_PROJELERI/sources/Ã§ok iyi olur. metrik tanÄ±mlarÄ±nÄ± iÅŸleyelim lÃ¼tfen	36389	2026-01-20 11:28:58	no	
/data/data/com.termux/files/home/HP_PROJELERI/src	18705	2026-01-30 00:14:03	no	
/data/data/com.termux/files/home/HP_PROJELERI/src/hp_fitness	18705	2026-01-30 00:14:03	no	
/data/data/com.termux/files/home/HP_PROJELERI/tests	4762	2026-02-07 10:53:25	no	
/data/data/com.termux/files/home/HP_PROJELERI/tests/__pycache__	3416	2026-02-07 10:53:25	no	
/data/data/com.termux/files/home/HP_PROJELERI/tests/test_checks.py	1346	2025-12-24 05:59:38	no	
